{"cameraMode":{"drawMode":0,"name":"Shaded","section":"Shading Mode"},"sceneLighting":false,"audioPlay":false,"sceneViewState":{"showFog":true,"showMaterialUpdate":false,"showSkybox":true,"showFlares":true,"showImageEffects":true,"showParticleSystems":true},"in2DMode":false,"pivot":{"x":1048.800048828125,"y":329.29998779296877,"z":0.0},"rotation":{"x":0.19112448394298554,"y":0.005885820835828781,"z":-0.0011451038299128414,"w":0.9815517663955689},"size":241.10658264160157,"orthographic":false}