{"cameraMode":{"drawMode":0,"name":"Shaded","section":"Shading Mode"},"sceneLighting":false,"audioPlay":false,"sceneViewState":{"showFog":true,"showMaterialUpdate":false,"showSkybox":true,"showFlares":true,"showImageEffects":true,"showParticleSystems":true},"in2DMode":false,"pivot":{"x":36.24937438964844,"y":-277.5916748046875,"z":471.2687683105469},"rotation":{"x":0.2716158926486969,"y":0.016842050477862359,"z":-0.004738559480756521,"w":0.962294340133667},"size":293.6103210449219,"orthographic":false}