{"cameraMode":{"drawMode":0,"name":"Shaded","section":"Shading Mode"},"sceneLighting":true,"audioPlay":false,"sceneViewState":{"showFog":true,"showMaterialUpdate":false,"showSkybox":true,"showFlares":true,"showImageEffects":true,"showParticleSystems":true},"in2DMode":false,"pivot":{"x":1464.4261474609375,"y":1096.4918212890625,"z":-1574.147705078125},"rotation":{"x":-0.2277143895626068,"y":0.24589793384075166,"z":-0.05955902114510536,"w":-0.9402941465377808},"size":10.0,"orthographic":false}