{"cameraMode":{"drawMode":0,"name":"Shaded","section":"Shading Mode"},"sceneLighting":false,"audioPlay":false,"sceneViewState":{"showFog":true,"showMaterialUpdate":false,"showSkybox":true,"showFlares":true,"showImageEffects":true,"showParticleSystems":true},"in2DMode":false,"pivot":{"x":20.406757354736329,"y":57.50688171386719,"z":-1.7746062278747559},"rotation":{"x":0.46895453333854678,"y":-0.0030938205309212209,"z":0.0016497769393026829,"w":0.8832334876060486},"size":4.261903762817383,"orthographic":false}