{"cameraMode":{"drawMode":0,"name":"Shaded","section":"Shading Mode"},"sceneLighting":false,"audioPlay":false,"sceneViewState":{"showFog":true,"showMaterialUpdate":false,"showSkybox":true,"showFlares":true,"showImageEffects":true,"showParticleSystems":true},"in2DMode":false,"pivot":{"x":676.5699462890625,"y":365.0067443847656,"z":-205.7259521484375},"rotation":{"x":0.0808941125869751,"y":0.37949925661087038,"z":-0.03332750126719475,"w":0.9210493564605713},"size":1006.5401611328125,"orthographic":false}