{"cameraMode":{"drawMode":0,"name":"Shaded","section":"Shading Mode"},"sceneLighting":false,"audioPlay":false,"sceneViewState":{"showFog":true,"showMaterialUpdate":false,"showSkybox":true,"showFlares":true,"showImageEffects":true,"showParticleSystems":true},"in2DMode":false,"pivot":{"x":52.899356842041019,"y":176.63543701171876,"z":-200.8228759765625},"rotation":{"x":0.23756152391433717,"y":-0.03350435942411423,"z":0.008200266398489476,"w":0.9707627892494202},"size":34.05097579956055,"orthographic":false}