{"cameraMode":{"drawMode":0,"name":"Shaded","section":"Shading Mode"},"sceneLighting":false,"audioPlay":false,"sceneViewState":{"showFog":true,"showMaterialUpdate":false,"showSkybox":true,"showFlares":true,"showImageEffects":true,"showParticleSystems":true},"in2DMode":false,"pivot":{"x":-366.8011169433594,"y":-651.9697875976563,"z":647.985107421875},"rotation":{"x":-0.3433569371700287,"y":0.2537648379802704,"z":-0.0969143658876419,"w":-0.8990668654441834},"size":531.8938598632813,"orthographic":false}