{"cameraMode":{"drawMode":0,"name":"Shaded","section":"Shading Mode"},"sceneLighting":false,"audioPlay":false,"sceneViewState":{"showFog":true,"showMaterialUpdate":false,"showSkybox":true,"showFlares":true,"showImageEffects":true,"showParticleSystems":true},"in2DMode":false,"pivot":{"x":653.1290283203125,"y":654.30224609375,"z":-231.91143798828126},"rotation":{"x":0.103156179189682,"y":-0.05517462641000748,"z":0.005732750985771418,"w":0.9931209087371826},"size":489.29901123046877,"orthographic":false}