{"cameraMode":{"drawMode":0,"name":"Shaded","section":"Shading Mode"},"sceneLighting":false,"audioPlay":false,"sceneViewState":{"showFog":true,"showMaterialUpdate":false,"showSkybox":true,"showFlares":true,"showImageEffects":true,"showParticleSystems":true},"in2DMode":false,"pivot":{"x":29.666458129882814,"y":-248.0810546875,"z":488.3238525390625},"rotation":{"x":-0.24265286326408387,"y":-0.01026856992393732,"z":0.0025822054594755174,"w":-0.970103919506073},"size":330.202880859375,"orthographic":false}