{"cameraMode":{"drawMode":0,"name":"Shaded","section":"Shading Mode"},"sceneLighting":false,"audioPlay":false,"sceneViewState":{"showFog":true,"showMaterialUpdate":false,"showSkybox":false,"showFlares":true,"showImageEffects":true,"showParticleSystems":true},"in2DMode":false,"pivot":{"x":637.1011352539063,"y":594.0272827148438,"z":271.52569580078127},"rotation":{"x":-0.13815948367118836,"y":0.0025779702700674536,"z":-0.0003458557475823909,"w":-0.9904194474220276},"size":480.147705078125,"orthographic":false}