{"cameraMode":{"drawMode":0,"name":"Shaded","section":"Shading Mode"},"sceneLighting":false,"audioPlay":false,"sceneViewState":{"showFog":true,"showMaterialUpdate":false,"showSkybox":false,"showFlares":true,"showImageEffects":true,"showParticleSystems":true},"in2DMode":false,"pivot":{"x":633.6447143554688,"y":235.89761352539063,"z":169.60662841796876},"rotation":{"x":-0.13815948367118836,"y":0.0025779702700674536,"z":-0.0003458557475823909,"w":-0.9904194474220276},"size":506.8656311035156,"orthographic":false}