{"cameraMode":{"drawMode":0,"name":"Shaded","section":"Shading Mode"},"sceneLighting":false,"audioPlay":false,"sceneViewState":{"showFog":true,"showMaterialUpdate":false,"showSkybox":true,"showFlares":true,"showImageEffects":true,"showParticleSystems":true},"in2DMode":false,"pivot":{"x":-1.4789390563964844,"y":-4.048368453979492,"z":-14.768267631530762},"rotation":{"x":-0.008234123699367047,"y":0.9890492558479309,"z":-0.13433915376663209,"w":-0.06059858202934265},"size":10.0,"orthographic":false}