{"cameraMode":{"drawMode":0,"name":"Shaded","section":"Shading Mode"},"sceneLighting":false,"audioPlay":false,"sceneViewState":{"showFog":true,"showMaterialUpdate":false,"showSkybox":false,"showFlares":true,"showImageEffects":true,"showParticleSystems":true},"in2DMode":false,"pivot":{"x":27.049074172973634,"y":-4.1307196617126469,"z":1.514310359954834},"rotation":{"x":-0.35653388500213625,"y":0.001840583747252822,"z":-0.0013578266371041537,"w":-0.9344386458396912},"size":3.5358874797821047,"orthographic":false}