{"cameraMode":{"drawMode":0,"name":"Shaded","section":"Shading Mode"},"sceneLighting":false,"audioPlay":false,"sceneViewState":{"showFog":true,"showMaterialUpdate":false,"showSkybox":true,"showFlares":true,"showImageEffects":true,"showParticleSystems":true},"in2DMode":false,"pivot":{"x":497.93670654296877,"y":437.6751708984375,"z":-40.20013427734375},"rotation":{"x":0.1315951943397522,"y":-0.017842361703515054,"z":0.0023702126927673818,"w":0.9911408424377441},"size":353.23077392578127,"orthographic":false}