{"cameraMode":{"drawMode":0,"name":"Shaded","section":"Shading Mode"},"sceneLighting":false,"audioPlay":false,"sceneViewState":{"showFog":true,"showMaterialUpdate":false,"showSkybox":true,"showFlares":true,"showImageEffects":true,"showParticleSystems":true},"in2DMode":false,"pivot":{"x":457.71929931640627,"y":381.14019775390627,"z":-70.74188232421875},"rotation":{"x":0.17599759995937348,"y":-0.02952672727406025,"z":0.005282759200781584,"w":0.9839347004890442},"size":430.0114440917969,"orthographic":false}