{"cameraMode":{"drawMode":0,"name":"Shaded","section":"Shading Mode"},"sceneLighting":false,"audioPlay":false,"sceneViewState":{"showFog":true,"showMaterialUpdate":false,"showSkybox":true,"showFlares":true,"showImageEffects":true,"showParticleSystems":true},"in2DMode":false,"pivot":{"x":-3.815544843673706,"y":1.8705945014953614,"z":-0.3829684853553772},"rotation":{"x":0.28255149722099306,"y":-0.43962687253952029,"z":0.14793337881565095,"w":0.8396579623222351},"size":10.0,"orthographic":false}